{"cameraMode":{"drawMode":0,"name":"Shaded","section":"Shading Mode"},"sceneLighting":true,"audioPlay":false,"sceneViewState":{"showFog":true,"showMaterialUpdate":false,"showSkybox":true,"showFlares":true,"showImageEffects":true,"showParticleSystems":true},"in2DMode":false,"pivot":{"x":70.68468475341797,"y":-5.717138767242432,"z":-44.9343376159668},"rotation":{"x":0.06111503019928932,"y":0.7432489395141602,"z":-0.0682542622089386,"w":0.6628358960151672},"size":93.80433654785156,"orthographic":false}