{"cameraMode":{"drawMode":0,"name":"Shaded","section":"Shading Mode"},"sceneLighting":true,"audioPlay":false,"sceneViewState":{"showFog":true,"showMaterialUpdate":false,"showSkybox":true,"showFlares":true,"showImageEffects":true,"showParticleSystems":true},"in2DMode":false,"pivot":{"x":10.431941986083985,"y":30.97797203063965,"z":-46.4509391784668},"rotation":{"x":0.36328327655792239,"y":0.04969188943505287,"z":-0.019414184615015985,"w":0.9302528500556946},"size":2.8578836917877199,"orthographic":false}