{"cameraMode":{"drawMode":0,"name":"Shaded","section":"Shading Mode"},"sceneLighting":true,"audioPlay":false,"sceneViewState":{"showFog":true,"showMaterialUpdate":false,"showSkybox":true,"showFlares":true,"showImageEffects":true,"showParticleSystems":true},"in2DMode":false,"pivot":{"x":-55.222110748291019,"y":-31.671085357666017,"z":-2.5259056091308595},"rotation":{"x":0.24016433954238892,"y":-0.5187655091285706,"z":0.15480148792266847,"w":0.8058862090110779},"size":111.86341094970703,"orthographic":false}