{"cameraMode":{"drawMode":0,"name":"Shaded","section":"Shading Mode"},"sceneLighting":false,"audioPlay":false,"sceneViewState":{"showFog":true,"showMaterialUpdate":false,"showSkybox":false,"showFlares":true,"showImageEffects":true,"showParticleSystems":true},"in2DMode":false,"pivot":{"x":19.246902465820314,"y":9.025330543518067,"z":-14.590261459350586},"rotation":{"x":0.027636896818876268,"y":-0.9620181322097778,"z":0.10605835169553757,"w":0.25042590498924258},"size":11.431534767150879,"orthographic":false}