{"cameraMode":{"drawMode":0,"name":"Shaded","section":"Shading Mode"},"sceneLighting":true,"audioPlay":false,"sceneViewState":{"showFog":true,"showMaterialUpdate":false,"showSkybox":true,"showFlares":true,"showImageEffects":true,"showParticleSystems":true},"in2DMode":false,"pivot":{"x":0.011957515962421894,"y":2.6237049102783205,"z":-7.337062835693359},"rotation":{"x":0.3391667902469635,"y":-0.5208566784858704,"z":0.2365812361240387,"w":0.7468389868736267},"size":11.411661148071289,"orthographic":false}