{"cameraMode":{"drawMode":0,"name":"Shaded","section":"Shading Mode"},"sceneLighting":true,"audioPlay":false,"sceneViewState":{"showFog":true,"showMaterialUpdate":false,"showSkybox":true,"showFlares":true,"showImageEffects":true,"showParticleSystems":true},"in2DMode":false,"pivot":{"x":-56.79085922241211,"y":128.82225036621095,"z":-89.99229431152344},"rotation":{"x":0.36878663301467898,"y":0.09447383880615235,"z":-0.0375148244202137,"w":0.923977255821228},"size":93.80433654785156,"orthographic":false}