{"cameraMode":{"drawMode":0,"name":"Shaded","section":"Shading Mode"},"sceneLighting":true,"audioPlay":false,"sceneViewState":{"showFog":true,"showMaterialUpdate":false,"showSkybox":true,"showFlares":true,"showImageEffects":true,"showParticleSystems":true},"in2DMode":false,"pivot":{"x":0.34347766637802126,"y":4.844635963439941,"z":-6.245937347412109},"rotation":{"x":-0.1833949238061905,"y":0.6874597668647766,"z":-0.1860550194978714,"w":-0.6776338815689087},"size":11.411661148071289,"orthographic":false}