{"cameraMode":{"drawMode":0,"name":"Shaded","section":"Shading Mode"},"sceneLighting":false,"audioPlay":false,"sceneViewState":{"showFog":true,"showMaterialUpdate":false,"showSkybox":false,"showFlares":true,"showImageEffects":true,"showParticleSystems":true},"in2DMode":false,"pivot":{"x":-4.86899995803833,"y":12.263999938964844,"z":-16.299118041992189},"rotation":{"x":0.226972296833992,"y":-0.6279026865959168,"z":0.19855713844299317,"w":0.7176049947738648},"size":2.8578836917877199,"orthographic":false}