{"cameraMode":{"drawMode":0,"name":"Shaded","section":"Shading Mode"},"sceneLighting":true,"audioPlay":false,"sceneViewState":{"showFog":true,"showMaterialUpdate":false,"showSkybox":true,"showFlares":true,"showImageEffects":true,"showParticleSystems":true},"in2DMode":false,"pivot":{"x":-44.52021789550781,"y":-22.177099227905275,"z":37.52967834472656},"rotation":{"x":0.18039393424987794,"y":-0.22114931046962739,"z":0.041835736483335498,"w":0.9576004147529602},"size":93.80433654785156,"orthographic":false}