{"cameraMode":{"drawMode":0,"name":"Shaded","section":"Shading Mode"},"sceneLighting":true,"audioPlay":false,"sceneViewState":{"showFog":true,"showMaterialUpdate":false,"showSkybox":true,"showFlares":true,"showImageEffects":true,"showParticleSystems":true},"in2DMode":false,"pivot":{"x":10.678174018859864,"y":38.43220901489258,"z":19.13310432434082},"rotation":{"x":0.3983736038208008,"y":0.35148319602012637,"z":-0.16838592290878297,"w":0.8303667306900024},"size":93.80433654785156,"orthographic":false}